grau,quantidade_nos,probabilidade
1,32,0.0893854748603352
2,24,0.0670391061452514
3,209,0.5837988826815642
4,92,0.2569832402234637
5,1,0.002793296089385475
